{
  "sessions": [],
  "count": 0,
  "refreshed": "2026-03-28T06:08:06.301641+00:00",
  "_cached_at": 1774678086.302097
}